{"text": " Orange Lounge Radio Who's the host? DarkSakura, Skie, DarkSakura", "segments": [{"id": 0, "seek": 0, "start": 0.0, "end": 7.0, "text": " Orange Lounge Radio", "tokens": [50363, 11942, 36333, 8829, 50713], "temperature": 0.0, "avg_logprob": -0.6093516971753992, "compression_ratio": 1.0666666666666667, "no_speech_prob": 0.01771163009107113}, {"id": 1, "seek": 0, "start": 7.0, "end": 10.0, "text": " Who's the host? DarkSakura, Skie, DarkSakura", "tokens": [50713, 5338, 338, 262, 2583, 30, 3801, 50, 47754, 11, 3661, 494, 11, 3801, 50, 47754, 50863], "temperature": 0.0, "avg_logprob": -0.6093516971753992, "compression_ratio": 1.0666666666666667, "no_speech_prob": 0.01771163009107113}], "language": "en"}